Tumor Suppressor Genes,Oncogenes,Protein Kinases,Cell Differentiation Markers,Transcription Factors,Cytokines and Growth Factors
AMER1,ABI1,AAK1,ABCB1,AATF,ADA2
APC,ABL1,AATK,ABCG2,ABT1,ADIPOQ
ASXL1,ABL2,ABL1,ACE,ACVR2A,ADM
ATM,ACKR3,ABL2,ACKR1,ADNP,ADM2
BLM,ACSL3,ACVR1,ADAM10,ADNP2,AGRP
BMPR1A,ACSL6,ACVR1B,ADAM17,ADPGK,AGT
BRCA1,AFDN,ACVR1C,ADGRE2,AFDN,AIMP1
BRCA2,AFF1,ACVR2A,ADGRE5,AFF1,AMBN
BRIP1,AFF3,ACVR2B,ALCAM,AFF2,AMELX
BUB1B,AFF4,ACVRL1,ALK,AFF3,AMH
CBLB,AKAP9,ADCK1,ANPEP,AFF4,ANGPTL5
CBLC,AKT1,ADCK2,ART1,AHR,ANGPTL7
CDC73,AKT2,ADCK5,ART4,AIRE,APLN
CDH1,ALK,AKT1,ATP1B3,AKAP17A,AREG
CDKN2A,ARHGAP26,AKT2,B3GAT1,ALX1,ARTN
CDKN2C,ARHGEF12,AKT3,BCAM,ALX3,AVP
CHEK2,ARNT,ALK,BMPR1A,ALX4,AZU1
CYLD,ASPSCR1,ALPK1,BMPR1B,ALYREF,BDNF
DDB2,ATF1,ALPK2,BSG,ANP32A,BMP1
DICER1,ATIC,ALPK3,BST1,AR,BMP10
EP300,BCL10,AMHR2,BST2,ARC,BMP15
ERCC2,BCL11A,ANKK1,BTLA,ARFGAP2,BMP2
ERCC3,BCL11B,ARAF,BTN3A1,ARGFX,BMP3
ERCC4,BCL2,ATM,C5AR1,ARGFXP1,BMP4
ERCC5,BCL3,ATR,CCR1,ARGFXP2,BMP5
EXT1,BCL6,AURKA,CCR2,ARHGAP35,BMP6
EXT2,BCL7A,AURKB,CCR3,ARID1B,BMP7
FANCA,BCL9,AURKC,CCR4,ARID3A,BMP8A
FANCC,BCR,AXL,CCR5,ARID3B,BMP8B
FANCD2,BIRC3,BCKDK,CCR6,ARID5A,BTC
FANCE,BRAF,BCR,CCR7,ARID5B,C3
FANCF,BRD3,BLK,CCR8,ARIH2,C5
FANCG,BRD4,BMP2K,CCR9,ARNT,CALCA
FAS,BTG1,BMPR1A,CD101,ARNT2,CALCB
FBXW7,CANT1,BMPR1B,CD109,ARNTL,CAMP
FH,CARD11,BMPR2,CD14,ARX,CAT
GATA3,CARS1,BMX,CD151,ASCL1,CCK
HNF1A,CBFA2T3,BRAF,CD160,ASCL2,CCL1
KDM5C,CBFB,BRD2,CD163,ASCL3,CCL11
KDM6A,CCDC6,BRD3,CD164,ASH1L,CCL13
KLF6,CCNB1IP1,BRD4,CD177,ASH2L,CCL14
MAP2K4,CCND1,BRDT,CD180,ATF1,CCL15
MEN1,CCND2,BRSK1,CD19,ATF2,CCL16
MLH1,CCND3,BRSK2,CD1A,ATF3,CCL17
MSH2,CD74,BTK,CD1B,ATF4,CCL18
MSH6,CD79A,BUB1,CD1C,ATF5,CCL19
MUTYH,CD79B,BUB1B,CD1D,ATF6,CCL2
NBN,CDH11,CAMK1,CD1E,ATF6B,CCL20
NF1,CDK4,CAMK1D,CD2,ATF7,CCL21
NF2,CDK6,CAMK1G,CD200,ATF7IP,CCL22
PALB2,CDX2,CAMK2A,CD207,ATG4B,CCL23
PHOX2B,CEBPA,CAMK2B,CD209,ATN1,CCL24
PIK3R1,CEP43,CAMK2D,CD22,ATOH1,CCL25
PMS1,CHCHD7,CAMK2G,CD226,ATOH7,CCL26
PMS2,CHIC2,CAMK4,CD244,ATRX,CCL27
PRF1,CHN1,CAMKK1,CD247,ATXN2,CCL28
PTCH1,CIC,CAMKK2,CD248,BACH1,CCL3
PTEN,CIITA,CAMKV,CD27,BACH2,CCL3L1
RB1,CLP1,CASK,CD274,BANP,CCL3L3
RECQL4,CLTC,CDC42BPA,CD276,BARHL1,CCL4
SBDS,CLTCL1,CDC42BPB,CD28,BARHL2,CCL4L2
SDHAF2,CNBP,CDC42BPG,CD300A,BARX1,CCL5
SDHB,CNTRL,CDC7,CD300C,BARX2,CCL7
SDHC,COL1A1,CDK1,CD302,BATF,CCL8
SDHD,COX6C,CDK10,CD320,BATF3,CCN1
SETD2,CREB1,CDK11A,CD33,BAZ1A,CCN2
SMAD4,CREB3L2,CDK12,CD34,BAZ1B,CCN3
SMARCA4,CREBBP,CDK13,CD36,BAZ2A,CD320
SMARCB1,CRLF2,CDK14,CD37,BAZ2B,CD40LG
SOCS1,CRTC1,CDK15,CD38,BCL11A,CD70
STK11,CRTC3,CDK16,CD3D,BCL11B,CDNF
SUFU,CTNNB1,CDK17,CD3E,BCL3,CER1
TET2,DDIT3,CDK18,CD3G,BCL6,CGA
TNFAIP3,DDX10,CDK19,CD4,BCLAF1,CGB1
TP53,DDX5,CDK2,CD40,BHLHE22,CGB2
TSC1,DDX6,CDK20,CD40LG,BHLHE40,CGB3
TSC2,DEK,CDK3,CD44,BHLHE41,CGB5
VHL,DUX4,CDK4,CD46,BLOC1S1,CGB7
WRN,EGFR,CDK5,CD47,BLZF1,CGB8
WT1,EIF4A2,CDK6,CD48,BMI1,CHGA
XPA,ELF4,CDK7,CD5,BNC1,CHGB
XPC,ELK4,CDK8,CD52,BNC2,CKLF
,ELL,CDK9,CD53,BORCS8-MEF2B,CLCF1
,ELN,CDKL1,CD55,BPTF,CLEC11A
,EML4,CDKL2,CD58,BRD1,CMA1
,EPS15,CDKL3,CD59,BRD2,CMTM1
,ERBB2,CDKL4,CD5L,BRD3,CMTM2
,ERC1,CDKL5,CD6,BRD4,CMTM3
,ERG,CHEK1,CD63,BRD7,CMTM4
,ETV1,CHEK2,CD68,BRDT,CMTM5
,ETV4,CHUK,CD69,BRF1,CMTM6
,ETV5,CILK1,CD7,BRPF1,CMTM7
,ETV6,CIT,CD70,BRPF3,CMTM8
,EWSR1,CLK1,CD72,BSX,CNTF
,FCGR2B,CLK2,CD74,BTAF1,CORT
,FCRL4,CLK3,CD79A,BTBD3,CRH
,FEV,CLK4,CD79B,BTF3,CSF1
,FGFR1,CLUL1,CD81,BTF3P11,CSF2
,FGFR2,COQ8A,CD82,BTF3P12,CSF3
,FGFR3,CSF1R,CD83,BTF3P13,CSH1
,FIP1L1,CSK,CD84,C1orf61,CSH2
,FLI1,CSNK1A1,CD86,C22orf31,CSHL1
,FLT3,CSNK1A1L,CD8A,CAND1,CSPG5
,FNBP1,CSNK1D,CD8B,CASK,CTF1
,FOXL2,CSNK1E,CD9,CASZ1,CTSG
,FOXO1,CSNK1G1,CD93,CBFA2T3,CX3CL1
,FOXO3,CSNK1G2,CD96,CBX1,CXCL1
,FOXO4,CSNK1G3,CD99,CBX2,CXCL10
,FOXP1,CSNK2A1,CDCP1,CBX3,CXCL11
,FSTL3,CSNK2A2,CDH1,CBX4,CXCL12
,FUS,DAPK1,CDH2,CBX5,CXCL13
,GAS7,DAPK2,CDH5,CBX6,CXCL14
,GATA1,DAPK3,CEACAM1,CBX7,CXCL16
,GATA2,DCLK1,CEACAM3,CBX8,CXCL17
,GMPS,DCLK2,CEACAM5,CCT4,CXCL2
,GNAQ,DCLK3,CEACAM6,CDK7,CXCL3
,GNAS,DDR1,CEACAM8,CDK8,CXCL5
,GOLGA5,DDR2,CLEC10A,CDR2,CXCL6
,GOPC,DMPK,CLEC4C,CDX1,CXCL8
,GPHN,DSTYK,CLEC4M,CDX2,CXCL9
,H4C9,DYRK1A,CR1,CDX4,DEFA1
,HERPUD1,DYRK1B,CR2,CEBPA,DEFA3
,HIP1,DYRK2,CSF1R,CEBPB,DEFA5
,HLF,DYRK3,CSF2RA,CEBPD,DEFB1
,HMGA1,DYRK4,CSF2RB,CEBPE,DEFB103B
,HMGA2,EEF2K,CSF3R,CEBPG,DEFB104A
,HMGN2P46,EGFR,CTLA4,CEBPZ,DEFB4A
,HNRNPA2B1,EIF2AK1,CXCR1,CELF3,DKK1
,HOOK3,EIF2AK2,CXCR2,CERS2,EBI3
,HOXA11,EIF2AK3,CXCR3,CERS3,EDN1
,HOXA13,EIF2AK4,CXCR4,CERS4,EDN2
,HOXA9,EPHA1,CXCR5,CERS5,EDN3
,HOXC11,EPHA10,CXCR6,CERS6,EGF
,HOXC13,EPHA2,DDR1,CFAP20,ENDOU
,HOXD11,EPHA3,DDR2,CHD1,EPGN
,HOXD13,EPHA4,DPP4,CHD1L,EPO
,HRAS,EPHA5,ENG,CHD2,EREG
,HSP90AA1,EPHA6,ENPEP,CHD3,ESM1
,HSP90AB1,EPHA7,ENPP3,CHD4,FAM3B
,IDH1,EPHA8,ENTPD1,CHD5,FAM3C
,IDH2,EPHB1,EPCAM,CHD6,FAM3D
,IKZF1,EPHB2,ERBB2,CHMP3,FASLG
,IL2,EPHB3,F11R,CIAO1,FGF1
,IL21R,EPHB4,F3,CIC,FGF10
,IL6ST,EPHB6,FAS,CIITA,FGF11
,IRF4,ERBB2,FASLG,CIR1,FGF12
,ITK,ERBB3,FCAR,CITED1,FGF13
,JAK1,ERBB4,FCER2,CITED2,FGF14
,JAK2,ERN1,FCGR1A,CLOCK,FGF16
,JAK3,ERN2,FCGR2A,CNBP,FGF17
,JAZF1,FASTK,FCGR2B,CNOT3,FGF18
,JUN,FER,FCGR2C,CNOT4,FGF19
,KAT6A,FES,FCGR3A,CNOT8,FGF2
,KAT6B,FGFR1,FCRL5,CNPY3,FGF20
,KDM5A,FGFR2,FGFR1,COPS2,FGF21
,KDR,FGFR3,FGFR2,COPS5,FGF22
,KDSR,FGFR4,FGFR3,CORO1A,FGF23
,KIAA1549,FGR,FGFR4,CREB1,FGF3
,KIT,FLT1,FLT3,CREB3,FGF4
,KLK2,FLT3,FUT3,CREB3L1,FGF5
,KMT2A,FLT4,FUT4,CREB5,FGF6
,KNL1,FRK,FZD10,CREBBP,FGF7
,KRAS,FYN,FZD4,CREBL2,FGF7P3
,KTN1,GAK,FZD9,CREBZF,FGF7P6
,LASP1,GRK1,GGT1,CREG1,FGF8
,LCK,GRK2,GP1BA,CREM,FGF9
,LCP1,GRK3,GP1BB,CRIP1,FIGNL2
,LHFPL6,GRK4,GP5,CRIP2,FLT3LG
,LIFR,GRK5,GP9,CRX,FSHB
,LMO1,GRK6,GYPA,CSRP1,GAL
,LMO2,GRK7,GYPB,CSRP2,GALP
,LPP,GSK3A,GYPC,CSRP3,GAST
,LYL1,GSK3B,HMMR,CTCF,GCG
,MAF,GUCY2C,ICAM1,CTNNB1,GDF1
,MAFB,GUCY2D,ICAM2,CUX1,GDF10
,MALAT1,GUCY2F,ICAM3,CUX2,GDF11
,MALT1,HASPIN,ICAM4,CUX2P1,GDF15
,MAML2,HCK,ICOS,DACH1,GDF2
,MDM2,HIPK1,ICOSLG,DBP,GDF3
,MDM4,HIPK2,IFITM1,DBX1,GDF5
,MDS2,HIPK3,IFNGR1,DBX2,GDF6
,MECOM,HIPK4,IGF1R,DCP1A,GDF7
,MET,HSPB8,IGF2R,DDIT3,GDF9
,MITF,HUNK,IGLL1,DEAF1,GDNF
,MLF1,IGF1R,IGSF8,DENND4A,GH1
,MLLT1,IKBKB,IL10RA,DEPDC7,GH2
,MLLT10,IKBKE,IL10RB,DIDO1,GHRH
,MLLT11,ILK,IL12RB1,DLX1,GHRL
,MLLT3,IMPDH1P11,IL13RA1,DLX2,GIP
,MLLT6,IMPG1,IL13RA2,DLX3,GKN1
,MN1,INSR,IL17RA,DLX4,GMFB
,MNX1,INSRR,IL18R1,DLX5,GMFG
,MPL,IRAK1,IL18RAP,DLX6,GNRH1
,MRTFA,IRAK2,IL1R1,DMBX1,GNRH2
,MSI2,IRAK3,IL1R2,DMRT1,GPHA2
,MSN,IRAK4,IL2RA,DMRT2,GPHB5
,MTCP1,ITK,IL2RB,DMRTA2,GPI
,MUC1,KALRN,IL2RG,DMRTC1,GREM1
,MYB,KDR,IL3RA,DMTF1,GREM2
,MYC,KIT,IL4R,DPF1,GRN
,MYCL,KSR1,IL5RA,DPF2,GRP
,MYCN,KSR2,IL6R,DPF3,GUCA2A
,MYH11,LATS1,IL6ST,DPRX,HAMP
,MYH9,LATS2,IL7R,DPRXP1,HBEGF
,NACA,LCK,IL9R,DPRXP2,HDGF
,NCKIPSD,LIMK1,INSR,DPRXP3,HGF
,NCOA1,LIMK2,ITGA1,DPRXP4,HTN3
,NCOA2,LMTK2,ITGA2,DPRXP5,IAPP
,NCOA4,LMTK3,ITGA2B,DPRXP6,IFNA1
,NFIB,LRRK1,ITGA3,DPRXP7,IFNA10
,NFKB2,LRRK2,ITGA4,DR1,IFNA13
,NIN,LTK,ITGA5,DRAP1,IFNA14
,NONO,LYN,ITGA6,DRGX,IFNA16
,NOTCH1,MAK,ITGAD,DTX2,IFNA17
,NOTCH2,MAP2K1,ITGAE,DUX4,IFNA2
,NPM1,MAP2K2,ITGAL,DUX4L8,IFNA21
,NR4A3,MAP2K3,ITGAM,DUXA,IFNA4
,NRAS,MAP2K4,ITGAV,DUXAP1,IFNA5
,NSD1,MAP2K5,ITGAX,DUXAP10,IFNA6
,NSD2,MAP2K6,ITGB1,DUXAP2,IFNA7
,NSD3,MAP2K7,ITGB2,DUXAP3,IFNA8
,NTRK1,MAP3K1,ITGB3,DUXAP4,IFNB1
,NTRK3,MAP3K10,ITGB4,DUXAP5,IFNE
,NUMA1,MAP3K11,JAG1,DUXAP6,IFNG
,NUP214,MAP3K12,JAM2,DUXAP7,IFNK
,NUP98,MAP3K13,KDR,DUXAP8,IFNL1
,NUTM1,MAP3K14,KEL,DUXAP9,IFNL2
,OLIG2,MAP3K15,KIR2DL1,DUXB,IFNL3
,OMD,MAP3K19,KIR2DL2,E2F1,IFNW1
,P2RY8,MAP3K2,KIR2DL3,E2F2,IGF1
,PAFAH1B2,MAP3K20,KIR2DL4,E2F3,IGF2
,PATZ1,MAP3K21,KIR2DL5A,E2F4,IL10
,PAX3,MAP3K3,KIR2DS1,E2F5,IL11
,PAX5,MAP3K4,KIR2DS2,E2F6,IL12A
,PAX7,MAP3K5,KIR2DS4,E4F1,IL12B
,PAX8,MAP3K6,KIR2DS5,EBF1,IL13
,PBX1,MAP3K7,KIR3DL1,EBF4,IL15
,PCM1,MAP3K8,KIR3DL2,ECD,IL16
,PCSK7,MAP3K9,KIR3DP1,EED,IL17A
,PDE4DIP,MAP4K1,KIR3DS1,EGLN2,IL17B
,PDGFB,MAP4K2,KIT,EGR1,IL17C
,PDGFRA,MAP4K3,KLRB1,EGR2,IL17D
,PDGFRB,MAP4K4,KLRC1,EGR3,IL17F
,PER1,MAP4K5,KLRC2,EGR4,IL18
,PICALM,MAPK1,KLRD1,EHF,IL19
,PIK3CA,MAPK10,KLRK1,ELF1,IL1A
,PIM1,MAPK11,L1CAM,ELF2,IL1B
,PLAG1,MAPK12,LAG3,ELF3,IL1F10
,PML,MAPK13,LAIR1,ELF4,IL1RN
,POU2AF1,MAPK14,LAIR2,ELF5,IL2
,POU5F1,MAPK15,LAMP1,ELK1,IL20
,PPARG,MAPK3,LAMP2,ELK3,IL21
,PRCC,MAPK4,LAMP3,ELK4,IL22
,PRDM16,MAPK6,LEPR,EMX1,IL23A
,PRRX1,MAPK7,LIFR,EMX2,IL24
,PSIP1,MAPK8,LILRA1,EN1,IL25
,PTPN11,MAPK9,LILRA2,EN2,IL26
,RABEP1,MAPKAPK2,LILRA3,ENO1,IL27
,RAD51B,MAPKAPK3,LILRA4,EOMES,IL3
,RAF1,MAPKAPK5,LILRA5,EP300,IL31
,RANBP17,MARK1,LILRA6,EP400,IL32
,RAP1GDS1,MARK2,LILRB1,EPAS1,IL33
,RARA,MARK3,LILRB2,ERCC2,IL34
,RBM15,MARK4,LILRB3,ERCC3,IL36A
,REL,MAST1,LILRB4,ERCC6,IL36B
,RET,MAST2,LILRB5,ERF,IL36G
,RHOH,MAST3,LILRP1,ERG,IL36RN
,RNF213,MAST4,LILRP2,ERGIC2,IL37
,RNF217-AS1,MASTL,LRP1,ERMP1,IL4
,ROS1,MATK,LY75,ESR1,IL5
,RPL22,MELK,LY9,ESR2,IL6
,RPN1,MERTK,MCAM,ESRRA,IL6ST
,RUNX1,MET,MELTF,ESRRB,IL7
,RUNX1T1,MINK1,MME,ESRRG,IL9
,SEPTIN5,MKNK1,MPL,ESX1,INHA
,SEPTIN6,MKNK2,MRC1,ETS1,INHBA
,SEPTIN9,MLKL,MRC2,ETS2,INHBB
,SET,MOK,MS4A1,ETV1,INHBC
,SFPQ,MOS,MSR1,ETV2,INHBE
,SH3GL1,MST1R,MST1R,ETV3,INS
,SLC45A3,MTOR,MUC1,ETV4,INS-IGF2
,SMO,MUSK,NCAM1,ETV5,INSL3
,SPECC1,MYLK,NCR1,ETV6,INSL4
,SRGAP3,MYLK2,NCR2,ETV7,INSL5
,SRSF3,MYLK3,NCR3,EVX1,INSL6
,SS18,MYLK4,NECTIN1,EVX2,JAG1
,SS18L1,MYO3A,NECTIN2,EYA1,JAG2
,SSX1,MYO3B,NECTIN3,EYA2,KITLG
,SSX2,NEK1,NGFR,EYA3,KL
,SSX4,NEK10,NRP1,EYA4,LACRT
,STIL,NEK11,NT5E,EZH1,LECT2
,SUZ12,NEK2,PDCD1,EZH2,LEFTY1
,SYK,NEK3,PDCD1LG2,FAM189B,LEFTY2
,TAF15,NEK4,PDGFRA,FAM20C,LEP
,TAL1,NEK5,PDGFRB,FEM1A,LHB
,TAL2,NEK6,PECAM1,FEZF2,LIF
,TCEA1,NEK7,PLAUR,FHL1,LRSAM1
,TCF12,NEK8,PLXNC1,FHL2,LTA
,TCF3,NEK9,PRNP,FHL5,LTB
,TCL1A,NIM1K,PROCR,FLI1,LTBP1
,TCL6,NLK,PROM1,FOS,LTBP2
,TET1,NPR1,PSG1,FOSB,LTBP3
,TFE3,NPR2,PTGDR2,FOSL1,LTBP4
,TFEB,NRBP1,PTGFRN,FOSL2,MANF
,TFG,NRBP2,PTPRC,FOXA1,MDK
,TFPT,NRK,PTPRJ,FOXA2,MIA
,TFRC,NTRK1,PVR,FOXA3,MIF
,THRAP3,NTRK2,RHAG,FOXB1,MLN
,TLX1,NTRK3,RHCE,FOXC1,MSTN
,TLX3,NUAK1,RHD,FOXC2,MYDGF
,TMPRSS2,NUAK2,SDC1,FOXD1,NAMPT
,TNFRSF17,NUMBL,SEC23B,FOXD2,NDP
,TOP1,OBSCN,SELE,FOXD3,NENF
,TPM3,OXSR1,SELL,FOXD4,NGF
,TPM4,PAK1,SELP,FOXE1,NMB
,TPR,PAK2,SELPLG,FOXE3,NODAL
,TRIM24,PAK3,SEMA4D,FOXF1,NPFF
,TRIM27,PAK4,SEMA7A,FOXF2,NPPA
,TRIM33,PAK5,SIGLEC1,FOXG1,NPPB
,TRIP11,PAK6,SIGLEC5,FOXH1,NPPC
,TSHR,PASK,SIGLEC6,FOXI1,NPY
,TTL,PBK,SIGLEC7,FOXJ1,NRG1
,USP6,PDGFRA,SIGLEC9,FOXJ2,NRG2
,ZBTB16,PDGFRB,SIRPA,FOXJ3,NRG3
,ZMYM2,PDIK1L,SIRPB1,FOXK2,NRG4
,ZNF331,PDK1,SIRPG,FOXL1,NRTN
,ZNF384,PDK2,SLAMF1,FOXL2,NTF3
,ZNF521,PDK3,SLAMF7,FOXM1,NTF4
,,PDK4,SLC3A2,FOXN1,NTS
,,PDPK1,SLC44A1,FOXN2,NUDT6
,,PEAK1,SLC4A1,FOXN3,OGN
,,PHKG1,SPN,FOXO1,OSGIN1
,,PHKG2,TEK,FOXO3,OSM
,,PIK3R4,TFRC,FOXO4,OSTN
,,PIM1,THBD,FOXP1,OXT
,,PIM2,THY1,FOXP2,PDGFA
,,PIM3,TLR1,FOXP3,PDGFB
,,PINK1,TLR10,FOXQ1,PDGFC
,,PKDCC,TLR2,FOXS1,PDGFD
,,PKMYT1,TLR3,FUBP1,PDGFRA
,,PKN1,TLR4,GABPA,PDGFRB
,,PKN2,TLR6,GABPB1,PDGFRL
,,PKN3,TLR8,GATA1,PDYN
,,PLK1,TLR9,GATA2,PENK
,,PLK2,TNFRSF10A,GATA3,PF4
,,PLK3,TNFRSF10B,GATA4,PF4V1
,,PLK4,TNFRSF10C,GATA5,PGF
,,PNCK,TNFRSF10D,GATA6,PLAU
,,PRKAA1,TNFRSF11A,GBX1,PMCH
,,PRKAA2,TNFRSF12A,GBX2,PNOC
,,PRKACA,TNFRSF13B,GCM1,POMC
,,PRKACB,TNFRSF13C,GCM2,PPBP
,,PRKACG,TNFRSF17,GFI1,PPBPP1
,,PRKCA,TNFRSF1A,GFI1B,PPBPP2
,,PRKCB,TNFRSF1B,GLI1,PPY
,,PRKCD,TNFRSF4,GLI2,PRL
,,PRKCE,TNFRSF8,GLI3,PRLH
,,PRKCG,TNFRSF9,GLIS1,PROK1
,,PRKCH,TNFSF10,GLIS2,PROK2
,,PRKCI,TNFSF11,GRHL1,PSPN
,,PRKCQ,TNFSF13,GSC,PTH
,,PRKCZ,TNFSF13B,GSC2,PTH2
,,PRKD1,TNFSF14,GSX1,PTHLH
,,PRKD2,TNFSF4,GSX2,PTN
,,PRKD3,TNFSF8,GTF2A1,PYY
,,PRKDC,TSPAN7,GTF2A1L,QRFP
,,PRKG1,VCAM1,GTF2A2,RABEP1
,,PRKG2,RABEP2,GTF2B,RABEP2
,,PRKX,REG1A,GTF2E1,REG1A
,,PRKY,RETN,GTF2E2,RETN
,,PRPF4B,RETNLB,GTF2F1,RETNLB
,,PSKH1,RLN1,GTF2F2,RLN1
,,PSKH2,RLN2,GTF2H1,RLN2
,,PTK2,RLN3,GTF2H2,RLN3
,,PTK2B,RNASE2,GTF2H3,RNASE2
,,PTK6,S100A6,GTF2H4,S100A6
,,PTK7,SAA1,GTF2I,SAA1
,,PXK,SAA2,GTF3A,SAA2
,,RAF1,SBDS,GTF3C1,SBDS
,,RET,SCG2,GTF3C2,SCG2
,,RIOK1,SCGB3A1,GTF3C3,SCGB3A1
,,RIOK2,SCT,GTF3C4,SCT
,,RIOK3,SECTM1,GTF3C5,SECTM1
,,RIPK1,SEMA3A,GTPBP1,SEMA3A
,,RIPK2,SEMA3B,HAND1,SEMA3B
,,RIPK3,SEMA3C,HAND2,SEMA3C
,,RIPK4,SEMA3D,HCFC2,SEMA3D
,,RNASEL,SEMA3E,HDAC1,SEMA3E
,,ROCK1,SEMA3F,HDAC2,SEMA3F
,,ROCK2,SEMA3G,HDAC4,SEMA3G
,,ROR1,SEMA4A,HDX,SEMA4A
,,ROR2,SEMA4B,HES1,SEMA4B
,,ROS1,SEMA4C,HES2,SEMA4C
,,RPS6KA1,SEMA4D,HES4,SEMA4D
,,RPS6KA2,SEMA4F,HES5,SEMA4F
,,RPS6KA3,SEMA4G,HES6,SEMA4G
,,RPS6KA4,SEMA5A,HES7,SEMA5A
,,RPS6KA5,SEMA5B,HESX1,SEMA5B
,,RPS6KA6,SEMA6A,HEXIM1,SEMA6A
,,RPS6KB1,SEMA6B,HEY1,SEMA6B
,,RPS6KB2,SEMA6C,HEY2,SEMA6C
,,RPS6KC1,SEMA6D,HEYL,SEMA6D
,,RPS6KL1,SEMA7A,HHEX,SEMA7A
,,RYK,SLIT1,HIC1,SLIT1
,,SBK1,SLIT2,HIC2,SLIT2
,,SBK2,SLURP1,HIF1A,SLURP1
,,SCYL1,SPP1,HIF3A,SPP1
,,SCYL2,SST,HIRA,SST
,,SCYL3,STC1,HIVEP1,STC1
,,SGK1,STC2,HIVEP2,STC2
,,SGK2,TAC1,HLF,TAC1
,,SGK3,TDGF1,HLTF,TDGF1
,,SIK1,TDGF1P3,HLX,TDGF1P3
,,SIK2,TG,HMBOX1,TG
,,SIK3,TGFA,HMG20B,TGFA
,,SLC22A18,TGFB1,HMGA1,TGFB1
,,SLK,TGFB2,HMGA2,TGFB2
,,SMG1,TGFB3,HMGB1,TGFB3
,,SNRK,THPO,HMGB2,THPO
,,SPEG,TNC,HMGN2,TNC
,,SRC,TNF,HMGXB3,TNF
,,SRMS,TNFRSF11B,HMX1,TNFRSF11B
,,SRPK1,TNFSF10,HMX2,TNFSF10
,,SRPK2,TNFSF11,HMX3,TNFSF11
,,SRPK3,TNFSF12,HNF1A,TNFSF12
,,STK10,TNFSF13,HNF1B,TNFSF13
,,STK11,TNFSF13B,HNF4A,TNFSF13B
,,STK16,TNFSF14,HNF4G,TNFSF14
,,STK17A,TNFSF15,HOMEZ,TNFSF15
,,STK17B,TNFSF18,HOPX,TNFSF18
,,STK19,TNFSF4,HOXA1,TNFSF4
,,STK24,TNFSF8,HOXA10,TNFSF8
,,STK25,TNFSF9,HOXA11,TNFSF9
,,STK26,TOR2A,HOXA13,TOR2A
,,STK3,TRH,HOXA2,TRH
,,STK31,TSHB,HOXA3,TSHB
,,STK32A,TSLP,HOXA4,TSLP
,,STK32B,TXLNA,HOXA5,TXLNA
,,STK32C,TYMP,HOXA6,TYMP
,,STK33,UCN,HOXA7,UCN
,,STK35,UCN2,HOXA9,UCN2
,,STK36,UCN3,HOXB1,UCN3
,,STK38,UTS2,HOXB13,UTS2
,,STK38L,UTS2B,HOXB2,UTS2B
,,STK39,VEGFA,HOXB3,VEGFA
,,STK4,VEGFB,HOXB4,VEGFB
,,STK40,VEGFC,HOXB5,VEGFC
,,STKLD1,VEGFD,HOXB6,VEGFD
,,STRADA,VGF,HOXB7,VGF
,,STRADB,VIP,HOXB8,VIP
,,STYK1,XCL1,HOXB9,XCL1
,,SYK,XCL2,HOXC10,XCL2
,,TAF1,,HOXC11,
,,TAF1L,,HOXC12,
,,TAOK1,,HOXC13,
,,TAOK2,,HOXC4,
,,TAOK3,,HOXC5,
,,TBCK,,HOXC6,
,,TBK1,,HOXC8,
,,TEC,,HOXC9,
,,TEK,,HOXD1,
,,TESK1,,HOXD10,
,,TESK2,,HOXD11,
,,TEX14,,HOXD12,
,,TGFBR1,,HOXD13,
,,TGFBR2,,HOXD3,
,,TIE1,,HOXD4,
,,TLK1,,HOXD8,
,,TLK2,,HOXD9,
,,TNIK,,HR,
,,TNK1,,HSF1,
,,TNK2,,HSF2,
,,TNNI3K,,HSF2BP,
,,TP53RK,,HSF4,
,,TRIB1,,HSFX1,
,,TRIB2,,HSFY1,
,,TRIB3,,ID1,
,,TRIM24,,ID2,
,,TRIM28,,ID3,
,,TRIM33,,ID4,
,,TRIO,,IER2,
,,TRPM6,,IFT172,
,,TRPM7,,IGHMBP2,
,,TRRAP,,IKZF1,
,,TSSK1B,,IKZF2,
,,TSSK2,,IKZF3,
,,TSSK3,,IKZF5,
,,TSSK4,,ILF2,
,,TSSK6,,ILF3,
,,TTBK1,,INSM1,
,,TTBK2,,INSM2,
,,TTK,,INTS4,
,,TTN,,IRF1,
,,TWF1,,IRF2,
,,TWF2,,IRF3,
,,TXK,,IRF4,
,,TYK2,,IRF5,
,,TYRO3,,IRF6,
,,UHMK1,,IRF7,
,,ULK1,,IRF8,
,,ULK2,,IRF9,
,,ULK3,,IRX1,
,,ULK4,,IRX1P1,
,,VRK1,,IRX2,
,,VRK2,,IRX3,
,,VRK3,,IRX4,
,,WEE1,,IRX5,
,,WEE2,,IRX6,
,,WNK1,,ISL1,
,,WNK2,,ISL2,
,,WNK3,,ISX,
,,WNK4,,JARID2,
,,ZAP70,,JMJD4,
,,,,JUN,
,,,,JUNB,
,,,,JUND,
,,,,KAT2A,
,,,,KAT5,
,,,,KAT6A,
,,,,KAT6B,
,,,,KAT7,
,,,,KCNIP3,
,,,,KDM3B,
,,,,KDM4C,
,,,,KDM4D,
,,,,KDM5C,
,,,,KEAP1,
,,,,KIAA0040,
,,,,KLF1,
,,,,KLF10,
,,,,KLF11,
,,,,KLF12,
,,,,KLF13,
,,,,KLF14,
,,,,KLF15,
,,,,KLF16,
,,,,KLF2,
,,,,KLF3,
,,,,KLF4,
,,,,KLF5,
,,,,KLF6,
,,,,KLF7,
,,,,KLF8,
,,,,KLF9,
,,,,KLHL21,
,,,,KLHL5,
,,,,KMT2A,
,,,,KMT2D,
,,,,KMT5B,
,,,,L3MBTL1,
,,,,LARP1,
,,,,LAS1L,
,,,,LBX1,
,,,,LBX2,
,,,,LDB1,
,,,,LDB2,
,,,,LDOC1,
,,,,LEF1,
,,,,LEUTX,
,,,,LHX1,
,,,,LHX2,
,,,,LHX3,
,,,,LHX4,
,,,,LHX5,
,,,,LHX6,
,,,,LHX8,
,,,,LHX9,
,,,,LIMA1,
,,,,LIN28A,
,,,,LITAF,
,,,,LMO1,
,,,,LMO2,
,,,,LMO3,
,,,,LMO4,
,,,,LMO7,
,,,,LMX1A,
,,,,LMX1B,
,,,,LRRC14,
,,,,LSR,
,,,,LTN1,
,,,,LYL1,
,,,,LZTR1,
,,,,LZTS1,
,,,,MAF,
,,,,MAFB,
,,,,MAFF,
,,,,MAFG,
,,,,MAFK,
,,,,MAML3,
,,,,MAMLD1,
,,,,MANSC1,
,,,,MAPK8IP1,
,,,,MAX,
,,,,MAZ,
,,,,MBD1,
,,,,MBD2,
,,,,MBD4,
,,,,MBNL2,
,,,,MECOM,
,,,,MECP2,
,,,,MED1,
,,,,MED12,
,,,,MED14,
,,,,MED15,
,,,,MED16,
,,,,MED17,
,,,,MED21,
,,,,MED23,
,,,,MED24,
,,,,MED26,
,,,,MED27,
,,,,MED6,
,,,,MED7,
,,,,MEF2A,
,,,,MEF2C,
,,,,MEF2D,
,,,,MEFV,
,,,,MEIS1,
,,,,MEIS2,
,,,,MEIS3,
,,,,MEIS3P1,
,,,,MEIS3P2,
,,,,MEOX1,
,,,,MEOX2,
,,,,MESP2,
,,,,METTL3,
,,,,MFSD12,
,,,,MFSD3,
,,,,MGA,
,,,,MGAT5,
,,,,MICALL1,
,,,,MID1,
,,,,MIEF1,
,,,,MIER1,
,,,,MIS18BP1,
,,,,MITF,
,,,,MIXL1,
,,,,MKX,
,,,,MLLT1,
,,,,MLLT10,
,,,,MLLT3,
,,,,MLLT6,
,,,,MLX,
,,,,MLXIP,
,,,,MLXIPL,
,,,,MNAT1,
,,,,MNDA,
,,,,MNT,
,,,,MNX1,
,,,,MORF4,
,,,,MORF4L1,
,,,,MORF4L2,
,,,,MSC,
,,,,MSRB2,
,,,,MSX1,
,,,,MSX2,
,,,,MSX2P1,
,,,,MTA1,
,,,,MTA2,
,,,,MTF1,
,,,,MTF2,
,,,,MXD1,
,,,,MXD3,
,,,,MXD4,
,,,,MXI1,
,,,,MYB,
,,,,MYBBP1A,
,,,,MYBL1,
,,,,MYBL2,
,,,,MYC,
,,,,MYCBP,
,,,,MYCL,
,,,,MYCLP1,
,,,,MYCN,
,,,,MYCNOS,
,,,,MYF5,
,,,,MYF6,
,,,,MYOD1,
,,,,MYOG,
,,,,MYRF,
,,,,MYT1,
,,,,MYT1L,
,,,,MZF1,
,,,,NAB1,
,,,,NAB2,
,,,,NANOG,
,,,,NANOGP1,
,,,,NANOGP10,
,,,,NANOGP11,
,,,,NANOGP2,
,,,,NANOGP3,
,,,,NANOGP4,
,,,,NANOGP5,
,,,,NANOGP6,
,,,,NANOGP7,
,,,,NANOGP8,
,,,,NANOGP9,
,,,,NCALD,
,,,,NCOA1,
,,,,NCOA2,
,,,,NCOA3,
,,,,NCOA4,
,,,,NCOA6,
,,,,NCOR1,
,,,,NCOR2,
,,,,NEUROD1,
,,,,NEUROD2,
,,,,NEUROD4,
,,,,NEUROD6,
,,,,NEUROG1,
,,,,NEUROG2,
,,,,NEUROG3,
,,,,NFAT5,
,,,,NFATC1,
,,,,NFATC2,
,,,,NFATC3,
,,,,NFATC4,
,,,,NFE2,
,,,,NFE2L1,
,,,,NFE2L2,
,,,,NFE2L3,
,,,,NFIA,
,,,,NFIB,
,,,,NFIC,
,,,,NFIL3,
,,,,NFIX,
,,,,NFKB1,
,,,,NFKB2,
,,,,NFKBIA,
,,,,NFKBIB,
,,,,NFKBIE,
,,,,NFKBIL1,
,,,,NFRKB,
,,,,NFX1,
,,,,NFYA,
,,,,NFYB,
,,,,NFYC,
,,,,NHLH2,
,,,,NKRF,
,,,,NKX1-1,
,,,,NKX1-2,
,,,,NKX2-1,
,,,,NKX2-2,
,,,,NKX2-3,
,,,,NKX2-4,
,,,,NKX2-5,
,,,,NKX2-6,
,,,,NKX2-8,
,,,,NKX3-1,
,,,,NKX3-2,
,,,,NKX6-1,
,,,,NKX6-2,
,,,,NKX6-3,
,,,,NMI,
,,,,NOBOX,
,,,,NOTO,
,,,,NPAS1,
,,,,NPAS2,
,,,,NR0B1,
,,,,NR0B2,
,,,,NR1D1,
,,,,NR1D2,
,,,,NR1H2,
,,,,NR1H3,
,,,,NR1H4,
,,,,NR1I2,
,,,,NR1I3,
,,,,NR2C1,
,,,,NR2C2,
,,,,NR2E1,
,,,,NR2E3,
,,,,NR2F1,
,,,,NR2F2,
,,,,NR2F6,
,,,,NR3C1,
,,,,NR3C2,
,,,,NR4A1,
,,,,NR4A2,
,,,,NR4A3,
,,,,NR5A1,
,,,,NR5A2,
,,,,NR6A1,
,,,,NRF1,
,,,,NRIP1,
,,,,NRL,
,,,,NSD2,
,,,,NUFIP2,
,,,,OLIG1,
,,,,OLIG2,
,,,,OLIG3,
,,,,ONECUT1,
,,,,ONECUT2,
,,,,ONECUT3,
,,,,OPTN,
,,,,OSR1,
,,,,OTP,
,,,,OTUD7B,
,,,,OTX1,
,,,,OTX2,
,,,,OTX2P1,
,,,,OVOL1,
,,,,OVOL3,
,,,,PACS2,
,,,,PATZ1,
,,,,PAX1,
,,,,PAX2,
,,,,PAX3,
,,,,PAX4,
,,,,PAX5,
,,,,PAX6,
,,,,PAX7,
,,,,PAX8,
,,,,PAX9,
,,,,PAXIP1,
,,,,PBX1,
,,,,PBX2,
,,,,PBX2P1,
,,,,PBX3,
,,,,PBX4,
,,,,PCGF2,
,,,,PCGF3,
,,,,PDLIM5,
,,,,PDX1,
,,,,PER1,
,,,,PER2,
,,,,PER3,
,,,,PFDN5,
,,,,PGR,
,,,,PHC1,
,,,,PHF11,
,,,,PHF3,
,,,,PHOX2A,
,,,,PHOX2B,
,,,,PHRF1,
,,,,PHTF1,
,,,,PIAS2,
,,,,PIAS3,
,,,,PITX1,
,,,,PITX2,
,,,,PITX3,
,,,,PKNOX1,
,,,,PKNOX2,
,,,,PLAG1,
,,,,PLAGL1,
,,,,PLAGL2,
,,,,PLRG1,
,,,,PMF1,
,,,,PML,
,,,,POU1F1,
,,,,POU2AF1,
,,,,POU2F1,
,,,,POU2F2,
,,,,POU2F3,
,,,,POU3F1,
,,,,POU3F2,
,,,,POU3F3,
,,,,POU3F4,
,,,,POU4F1,
,,,,POU4F2,
,,,,POU4F3,
,,,,POU5F1,
,,,,POU5F1B,
,,,,POU5F1P2,
,,,,POU5F1P3,
,,,,POU5F1P4,
,,,,POU5F1P5,
,,,,POU5F1P6,
,,,,POU5F1P7,
,,,,POU5F2,
,,,,POU6F1,
,,,,POU6F2,
,,,,PPARA,
,,,,PPARD,
,,,,PPARG,
,,,,PPARGC1A,
,,,,PPP1R13L,
,,,,PRDM1,
,,,,PRDM10,
,,,,PRDM11,
,,,,PRDM12,
,,,,PRDM13,
,,,,PRDM14,
,,,,PRDM15,
,,,,PRDM16,
,,,,PRDM2,
,,,,PRDM4,
,,,,PRDM5,
,,,,PRDM6,
,,,,PRDM7,
,,,,PRDM8,
,,,,PRDM9,
,,,,PREB,
,,,,PRICKLE3,
,,,,PROP1,
,,,,PROX1,
,,,,PROX2,
,,,,PRR7,
,,,,PRRX1,
,,,,PRRX2,
,,,,PSIP1,
,,,,PSMC5,
,,,,PTTG1IP,
,,,,PURA,
,,,,RARA,
,,,,RARB,
,,,,RARG,
,,,,RASSF7,
,,,,RAX,
,,,,RAX2,
,,,,RB1,
,,,,RBBP5,
,,,,RBBP9,
,,,,RBL1,
,,,,RBL2,
,,,,RBPJ,
,,,,RBPJL,
,,,,RCOR1,
,,,,RCVRN,
,,,,REL,
,,,,RELA,
,,,,RELB,
,,,,REPIN1,
,,,,RERE,
,,,,REST,
,,,,REV3L,
,,,,RFX1,
,,,,RFX2,
,,,,RFX3,
,,,,RFX4,
,,,,RFX5,
,,,,RFXANK,
,,,,RGCC,
,,,,RHOXF1,
,,,,RHOXF2,
,,,,RHOXF2B,
,,,,RIMS3,
,,,,RING1,
,,,,RLF,
,,,,RLIM,
,,,,RNF10,
,,,,RNF103,
,,,,RNF112,
,,,,RNF113A,
,,,,RNF114,
,,,,RNF115,
,,,,RNF13,
,,,,RNF14,
,,,,RNF141,
,,,,RNF144A,
,,,,RNF2,
,,,,RNF24,
,,,,RNF4,
,,,,RNF41,
,,,,RNF8,
,,,,RORA,
,,,,RORB,
,,,,RORC,
,,,,RREB1,
,,,,RRN3,
,,,,RTRAF,
,,,,RUNX1,
,,,,RUNX1T1,
,,,,RUNX2,
,,,,RUNX3,
,,,,RXRA,
,,,,RXRB,
,,,,RXRG,
,,,,SAFB,
,,,,SALL1,
,,,,SALL2,
,,,,SALL3,
,,,,SALL4,
,,,,SAMD4B,
,,,,SAP18,
,,,,SAP30,
,,,,SAP30BP,
,,,,SART3,
,,,,SATB1,
,,,,SATB2,
,,,,SCAND1,
,,,,SCAND2P,
,,,,SCML1,
,,,,SCML2,
,,,,SCRT1,
,,,,SCRT2,
,,,,SEBOX,
,,,,SERTAD1,
,,,,SERTAD2,
,,,,SETBP1,
,,,,SETD4,
,,,,SETDB1,
,,,,SF1,
,,,,SHOX,
,,,,SHOX2,
,,,,SIAH1,
,,,,SIAH2,
,,,,SIM1,
,,,,SIM2,
,,,,SIN3B,
,,,,SIX1,
,,,,SIX2,
,,,,SIX3,
,,,,SIX4,
,,,,SIX5,
,,,,SIX6,
,,,,SLC25A40,
,,,,SMAD1,
,,,,SMAD2,
,,,,SMAD3,
,,,,SMAD4,
,,,,SMAD5,
,,,,SMAD6,
,,,,SMAD7,
,,,,SMAD9,
,,,,SMARCA1,
,,,,SMARCA2,
,,,,SMARCA4,
,,,,SMARCA5,
,,,,SMARCAD1,
,,,,SMARCAL1,
,,,,SMARCB1,
,,,,SMARCC1,
,,,,SMARCC2,
,,,,SMARCE1,
,,,,SMYD5,
,,,,SNAI1,
,,,,SNAI2,
,,,,SNAI3,
,,,,SNAPC1,
,,,,SNAPC2,
,,,,SNAPC3,
,,,,SNAPC4,
,,,,SNAPC5,
,,,,SND1,
,,,,SNW1,
,,,,SOX1,
,,,,SOX10,
,,,,SOX11,
,,,,SOX12,
,,,,SOX13,
,,,,SOX14,
,,,,SOX15,
,,,,SOX17,
,,,,SOX18,
,,,,SOX2,
,,,,SOX21,
,,,,SOX3,
,,,,SOX30,
,,,,SOX4,
,,,,SOX5,
,,,,SOX6,
,,,,SOX8,
,,,,SOX9,
,,,,SP1,
,,,,SP2,
,,,,SP3,
,,,,SP4,
,,,,SPDEF,
,,,,SPEN,
,,,,SPI1,
,,,,SPIB,
,,,,SRA1,
,,,,SRCAP,
,,,,SREBF1,
,,,,SREBF2,
,,,,SRF,
,,,,SRY,
,,,,SSRP1,
,,,,SSX1,
,,,,SSX2,
,,,,SSX3,
,,,,SSX4,
,,,,SSX5,
,,,,SSX6P,
,,,,SSX7,
,,,,SSX8P,
,,,,SSX9P,
,,,,ST18,
,,,,STAT1,
,,,,STAT2,
,,,,STAT3,
,,,,STAT4,
,,,,STAT5A,
,,,,STAT5B,
,,,,STAT6,
,,,,STON1,
,,,,SUB1,
,,,,SUPT16H,
,,,,SUPT20H,
,,,,SUPT3H,
,,,,SUPT4H1,
,,,,SUPT5H,
,,,,SUPT6H,
,,,,TADA2A,
,,,,TADA3,
,,,,TAF1,
,,,,TAF10,
,,,,TAF11,
,,,,TAF12,
,,,,TAF13,
,,,,TAF15,
,,,,TAF1A,
,,,,TAF1B,
,,,,TAF1C,
,,,,TAF2,
,,,,TAF3,
,,,,TAF4,
,,,,TAF4B,
,,,,TAF5,
,,,,TAF5L,
,,,,TAF6,
,,,,TAF6L,
,,,,TAF7,
,,,,TAF9,
,,,,TAL1,
,,,,TAL2,
,,,,TBC1D10B,
,,,,TBL1Y,
,,,,TBP,
,,,,TBPL1,
,,,,TBR1,
,,,,TBX1,
,,,,TBX10,
,,,,TBX15,
,,,,TBX18,
,,,,TBX19,
,,,,TBX2,
,,,,TBX20,
,,,,TBX21,
,,,,TBX22,
,,,,TBX3,
,,,,TBX4,
,,,,TBX5,
,,,,TBX6,
,,,,TBXT,
,,,,TCEAL1,
,,,,TCEAL9,
,,,,TCERG1,
,,,,TCF12,
,,,,TCF15,
,,,,TCF19,
,,,,TCF20,
,,,,TCF21,
,,,,TCF3,
,,,,TCF4,
,,,,TCF7,
,,,,TCF7L1,
,,,,TCF7L2,
,,,,TCFL5,
,,,,TEAD1,
,,,,TEAD2,
,,,,TEAD3,
,,,,TEAD4,
,,,,TECPR1,
,,,,TEF,
,,,,TFAM,
,,,,TFAP2A,
,,,,TFAP2B,
,,,,TFAP2C,
,,,,TFAP2D,
,,,,TFAP4,
,,,,TFB1M,
,,,,TFB2M,
,,,,TFCP2,
,,,,TFCP2L1,
,,,,TFDP1,
,,,,TFDP2,
,,,,TFDP3,
,,,,TFE3,
,,,,TFEB,
,,,,TFEC,
,,,,TGFB1I1,
,,,,TGIF1,
,,,,TGIF1P1,
,,,,TGIF2,
,,,,TGIF2LX,
,,,,TGIF2LY,
,,,,TGIF2P1,
,,,,THRA,
,,,,THRAP3,
,,,,THRB,
,,,,TICRR,
,,,,TIMELESS,
,,,,TLX1,
,,,,TLX2,
,,,,TLX3,
,,,,TMEM121B,
,,,,TMEM259,
,,,,TMEM260,
,,,,TMF1,
,,,,TNRC18P2,
,,,,TNRC6A,
,,,,TONSL,
,,,,TOX,
,,,,TOX3,
,,,,TP53,
,,,,TP53I13,
,,,,TP63,
,,,,TP73,
,,,,TPRX1,
,,,,TPRX1P1,
,,,,TPRX2P,
,,,,TPRXL,
,,,,TRIM10,
,,,,TRIM13,
,,,,TRIM15,
,,,,TRIM22,
,,,,TRIM24,
,,,,TRIM25,
,,,,TRIM26,
,,,,TRIM27,
,,,,TRIM28,
,,,,TRIM3,
,,,,TRIM33,
,,,,TRIM38,
,,,,TRIM62,
,,,,TRIOBP,
,,,,TRIP10,
,,,,TRIP11,
,,,,TRIP13,
,,,,TRIP4,
,,,,TRIP6,
,,,,TRMT1,
,,,,TRPS1,
,,,,TSC22D1,
,,,,TSC22D2,
,,,,TSC22D3,
,,,,TSC22D4,
,,,,TSHZ1,
,,,,TSHZ2,
,,,,TSHZ3,
,,,,TTLL4,
,,,,TTLL5,
,,,,TUB,
,,,,TULP1,
,,,,TULP2,
,,,,TULP3,
,,,,TULP4,
,,,,TWIST1,
,,,,UBP1,
,,,,UBR4,
,,,,UBTF,
,,,,UHRF1,
,,,,ULK2,
,,,,UNCX,
,,,,USE1,
,,,,USF1,
,,,,USF2,
,,,,UTF1,
,,,,VAX1,
,,,,VAX2,
,,,,VDR,
,,,,VENTX,
,,,,VENTXP1,
,,,,VENTXP2,
,,,,VENTXP3,
,,,,VENTXP4,
,,,,VENTXP5,
,,,,VENTXP6,
,,,,VENTXP7,
,,,,VEZF1,
,,,,VGLL1,
,,,,VPS72,
,,,,VSX1,
,,,,VSX2,
,,,,WDR45B,
,,,,WT1,
,,,,XBP1,
,,,,YAF2,
,,,,YBX1,
,,,,YBX2,
,,,,YBX3,
,,,,YEATS4,
,,,,YY1,
,,,,ZAR1,
,,,,ZBTB11,
,,,,ZBTB14,
,,,,ZBTB16,
,,,,ZBTB17,
,,,,ZBTB18,
,,,,ZBTB20,
,,,,ZBTB21,
,,,,ZBTB22,
,,,,ZBTB24,
,,,,ZBTB25,
,,,,ZBTB32,
,,,,ZBTB33,
,,,,ZBTB38,
,,,,ZBTB39,
,,,,ZBTB40,
,,,,ZBTB43,
,,,,ZBTB47,
,,,,ZBTB48,
,,,,ZBTB6,
,,,,ZBTB7A,
,,,,ZBTB7B,
,,,,ZDHHC1,
,,,,ZDHHC17,
,,,,ZEB1,
,,,,ZEB2,
,,,,ZEB2P1,
,,,,ZFAND3,
,,,,ZFAND5,
,,,,ZFAND6,
,,,,ZFHX2,
,,,,ZFHX3,
,,,,ZFHX4,
,,,,ZFP28,
,,,,ZFP30,
,,,,ZFP36,
,,,,ZFP36L2,
,,,,ZFP37,
,,,,ZFP62,
,,,,ZFP64,
,,,,ZFP69B,
,,,,ZFP91,
,,,,ZFP92,
,,,,ZFPL1,
,,,,ZFPM1,
,,,,ZFPM2,
,,,,ZFR,
,,,,ZFX,
,,,,ZFY,
,,,,ZHX1,
,,,,ZHX2,
,,,,ZHX3,
,,,,ZIC1,
,,,,ZIC2,
,,,,ZIC3,
,,,,ZIC4,
,,,,ZIC5,
,,,,ZIM2,
,,,,ZKSCAN1,
,,,,ZKSCAN3,
,,,,ZKSCAN4,
,,,,ZKSCAN5,
,,,,ZKSCAN7,
,,,,ZKSCAN8,
,,,,ZMYM3,
,,,,ZMYM4,
,,,,ZMYM5,
,,,,ZMYM6,
,,,,ZMYND11,
,,,,ZNF10,
,,,,ZNF106,
,,,,ZNF107,
,,,,ZNF112,
,,,,ZNF117,
,,,,ZNF12,
,,,,ZNF123P,
,,,,ZNF124,
,,,,ZNF131,
,,,,ZNF132,
,,,,ZNF133,
,,,,ZNF134,
,,,,ZNF135,
,,,,ZNF136,
,,,,ZNF137P,
,,,,ZNF138,
,,,,ZNF14,
,,,,ZNF140,
,,,,ZNF141,
,,,,ZNF142,
,,,,ZNF143,
,,,,ZNF146,
,,,,ZNF148,
,,,,ZNF154,
,,,,ZNF155,
,,,,ZNF157,
,,,,ZNF16,
,,,,ZNF160,
,,,,ZNF165,
,,,,ZNF169,
,,,,ZNF17,
,,,,ZNF174,
,,,,ZNF175,
,,,,ZNF177,
,,,,ZNF18,
,,,,ZNF180,
,,,,ZNF182,
,,,,ZNF184,
,,,,ZNF185,
,,,,ZNF189,
,,,,ZNF19,
,,,,ZNF195,
,,,,ZNF197,
,,,,ZNF2,
,,,,ZNF20,
,,,,ZNF200,
,,,,ZNF202,
,,,,ZNF205,
,,,,ZNF207,
,,,,ZNF208,
,,,,ZNF211,
,,,,ZNF212,
,,,,ZNF213,
,,,,ZNF214,
,,,,ZNF215,
,,,,ZNF217,
,,,,ZNF219,
,,,,ZNF22,
,,,,ZNF221,
,,,,ZNF222,
,,,,ZNF223,
,,,,ZNF224,
,,,,ZNF225,
,,,,ZNF226,
,,,,ZNF229,
,,,,ZNF23,
,,,,ZNF230,
,,,,ZNF232,
,,,,ZNF234,
,,,,ZNF235,
,,,,ZNF236,
,,,,ZNF239,
,,,,ZNF24,
,,,,ZNF248,
,,,,ZNF25,
,,,,ZNF250,
,,,,ZNF251,
,,,,ZNF254,
,,,,ZNF256,
,,,,ZNF26,
,,,,ZNF263,
,,,,ZNF264,
,,,,ZNF266,
,,,,ZNF267,
,,,,ZNF268,
,,,,ZNF271P,
,,,,ZNF273,
,,,,ZNF274,
,,,,ZNF275,
,,,,ZNF277,
,,,,ZNF28,
,,,,ZNF281,
,,,,ZNF282,
,,,,ZNF286A,
,,,,ZNF287,
,,,,ZNF29P,
,,,,ZNF3,
,,,,ZNF30,
,,,,ZNF304,
,,,,ZNF318,
,,,,ZNF319,
,,,,ZNF32,
,,,,ZNF324,
,,,,ZNF331,
,,,,ZNF334,
,,,,ZNF337,
,,,,ZNF33A,
,,,,ZNF33B,
,,,,ZNF35,
,,,,ZNF354A,
,,,,ZNF358,
,,,,ZNF362,
,,,,ZNF37A,
,,,,ZNF395,
,,,,ZNF408,
,,,,ZNF41,
,,,,ZNF410,
,,,,ZNF414,
,,,,ZNF415,
,,,,ZNF416,
,,,,ZNF423,
,,,,ZNF43,
,,,,ZNF430,
,,,,ZNF432,
,,,,ZNF44,
,,,,ZNF443,
,,,,ZNF444,
,,,,ZNF45,
,,,,ZNF460,
,,,,ZNF461,
,,,,ZNF473,
,,,,ZNF483,
,,,,ZNF510,
,,,,ZNF516,
,,,,ZNF532,
,,,,ZNF544,
,,,,ZNF552,
,,,,ZNF559,
,,,,ZNF576,
,,,,ZNF581,
,,,,ZNF592,
,,,,ZNF593,
,,,,ZNF605,
,,,,ZNF613,
,,,,ZNF629,
,,,,ZNF630,
,,,,ZNF639,
,,,,ZNF646,
,,,,ZNF649,
,,,,ZNF668,
,,,,ZNF669,
,,,,ZNF672,
,,,,ZNF682,
,,,,ZNF691,
,,,,ZNF692,
,,,,ZNF696,
,,,,ZNF7,
,,,,ZNF701,
,,,,ZNF706,
,,,,ZNF708,
,,,,ZNF711,
,,,,ZNF74,
,,,,ZNF746,
,,,,ZNF75A,
,,,,ZNF76,
,,,,ZNF79,
,,,,ZNF8,
,,,,ZNF80,
,,,,ZNF81,
,,,,ZNF823,
,,,,ZNF83,
,,,,ZNF831,
,,,,ZNF84,
,,,,ZNF85,
,,,,ZNF875,
,,,,ZNF90,
,,,,ZNF91,
,,,,ZNF92,
,,,,ZNF93,
,,,,ZNHIT6,
,,,,ZPR1,
,,,,ZRANB2,
,,,,ZSCAN10,
,,,,ZSCAN12,
,,,,ZSCAN2,
,,,,ZSCAN20,
,,,,ZSCAN21,
,,,,ZSCAN22,
,,,,ZSCAN26,
,,,,ZSCAN9,
,,,,ZXDA,
,,,,ZXDB,
,,,,ZXDC,
